,TeamName,TeamRank,Battletag,Rank,BlizzardId,PlayerId,HeroName,NewRole,Total,TotalWins,TotalLosses,HeroWinRate,IsWinner,Kills,Assists,Deaths,ExperienceContribution,FirstToTen,Level,HeroDamage,Healing,Takedowns,SelfHealing,DamageTaken,TimeSpentDead
363,30 seconds to mosh,S2,anaressa#1611,S2,10667951,4,Sonya,Bruiser,89,48,41,53.93,0.53,2.99,8.26,4.28,11202.35,0.58,19.74,36547.19,17.76,11.32,32291.47,76044.38,154.8
334,30 seconds to mosh,S2,anaressa#1611,S2,10667951,4,Dehaka,Bruiser,17,6,11,35.29,0.35,1.12,7.24,4.53,11544.88,0.29,19.47,25552.76,0.0,8.35,21703.18,76653.53,173.06
379,30 seconds to mosh,S2,anaressa#1611,S2,10667951,4,Ragnaros,Bruiser,10,3,7,30.0,0.43,2.14,7.86,4.86,17772.71,0.57,20.43,42940.71,0.0,10.14,9798.43,56920.71,179.57
332,30 seconds to mosh,S2,anaressa#1611,S2,10667951,4,Deathwing,Bruiser,6,2,4,33.33,0.33,2.0,5.67,7.33,9781.67,0.33,20.67,59139.0,0.0,7.67,16637.0,63798.0,294.33
374,30 seconds to mosh,S2,anaressa#1611,S2,10667951,4,Xul,Bruiser,6,4,2,66.67,0.67,2.17,8.33,3.33,14093.5,0.5,20.67,35716.67,0.0,10.5,14409.83,59117.33,126.5
383,30 seconds to mosh,S2,anaressa#1611,S2,10667951,4,Lt. Morales,Healer,49,24,25,48.98,0.5,1.04,11.93,3.33,5762.63,0.59,19.96,10556.35,64394.43,13.04,13888.02,30166.39,133.74
381,30 seconds to mosh,S2,anaressa#1611,S2,10667951,4,Li Li,Healer,47,21,26,44.68,0.47,0.81,12.0,2.47,6351.33,0.53,19.95,15691.6,66616.91,12.88,61.42,31660.21,103.93
370,30 seconds to mosh,S2,anaressa#1611,S2,10667951,4,Tyrande,Healer,45,22,23,48.89,0.49,1.73,11.83,3.29,6497.07,0.56,19.73,23374.2,61473.02,13.66,0.0,32119.07,120.78
339,30 seconds to mosh,S2,anaressa#1611,S2,10667951,4,Brightwing,Healer,25,11,14,44.0,0.44,1.84,11.36,3.44,9807.2,0.52,21.4,15487.52,88346.44,13.2,0.0,39937.16,146.08
385,30 seconds to mosh,S2,anaressa#1611,S2,10667951,4,Lúcio,Healer,22,11,11,50.0,0.5,1.73,12.36,3.82,7721.36,0.36,20.14,21417.0,84007.18,14.09,1073.64,44750.86,136.55
361,30 seconds to mosh,S2,anaressa#1611,S2,10667951,4,Kerrigan,Melee Assassin,17,8,9,47.06,0.47,7.13,11.4,5.4,16129.73,0.6,22.53,47515.67,0.0,18.53,53786.2,68401.33,235.73
392,30 seconds to mosh,S2,anaressa#1611,S2,10667951,4,Murky,Melee Assassin,12,4,8,33.33,0.33,1.33,7.08,1.17,21668.58,0.75,21.58,17236.17,0.0,8.42,6026.67,44043.67,56.08
386,30 seconds to mosh,S2,anaressa#1611,S2,10667951,4,Maiev,Melee Assassin,8,6,2,75.0,0.67,3.67,12.83,2.67,13153.0,0.5,21.17,31883.5,0.0,16.67,68.5,47251.17,103.17
384,30 seconds to mosh,S2,anaressa#1611,S2,10667951,4,Lunara,Ranged Assassin,243,138,105,56.79,0.55,4.19,8.23,2.65,12074.26,0.55,20.26,44772.52,0.0,12.46,62.93,28316.85,102.07
345,30 seconds to mosh,S2,anaressa#1611,S2,10667951,4,Cassia,Ranged Assassin,197,117,80,59.39,0.56,4.32,8.67,2.51,11013.89,0.57,20.6,56204.18,6.13,13.01,6848.16,35675.34,101.6
365,30 seconds to mosh,S2,anaressa#1611,S2,10667951,4,Sylvanas,Ranged Assassin,190,95,95,50.0,0.49,4.04,8.25,2.68,10297.2,0.6,20.14,40128.36,6.73,12.3,251.05,31279.87,102.5
331,30 seconds to mosh,S2,anaressa#1611,S2,10667951,4,Chromie,Ranged Assassin,149,78,71,52.35,0.48,3.32,9.28,2.55,10435.4,0.49,19.77,47958.55,0.0,12.65,70.67,23733.25,99.88
372,30 seconds to mosh,S2,anaressa#1611,S2,10667951,4,Valla,Ranged Assassin,117,65,52,55.56,0.52,4.17,9.03,3.28,10141.0,0.56,20.5,52871.9,12.57,13.23,3840.68,29803.3,132.4
344,30 seconds to mosh,S2,anaressa#1611,S2,10667951,4,Johanna,Tank,142,79,63,55.63,0.57,2.33,11.65,3.09,9553.52,0.6,20.52,33274.65,183.21,14.01,28012.94,86898.02,121.57
390,30 seconds to mosh,S2,anaressa#1611,S2,10667951,4,Mei,Tank,110,50,60,45.45,0.45,2.09,11.68,2.54,9037.15,0.68,20.53,35875.75,0.0,13.78,23409.83,73772.23,102.73
335,30 seconds to mosh,S2,anaressa#1611,S2,10667951,4,Diablo,Tank,65,26,39,40.0,0.4,2.24,10.46,5.02,8338.35,0.51,19.56,32769.0,3.71,12.75,36298.51,107137.79,129.62
391,30 seconds to mosh,S2,anaressa#1611,S2,10667951,4,Muradin,Tank,62,33,29,53.23,0.52,2.3,12.29,3.03,9007.68,0.48,20.37,31417.06,0.0,14.62,33655.87,92015.4,116.9
340,30 seconds to mosh,S2,anaressa#1611,S2,10667951,4,Garrosh,Tank,50,26,24,52.0,0.56,2.16,12.51,4.33,8125.89,0.53,20.29,28944.98,17.58,14.76,11779.16,65002.09,163.76
61,gold dragons,S4,baradin#11218,B1,8931566,96263,Varian,Bruiser,40,20,20,50.0,0.44,4.78,13.11,3.0,12484.0,0.39,22.17,41828.89,0.0,17.94,30250.17,84654.28,120.22
60,gold dragons,S4,baradin#11218,B1,8931566,96263,Xul,Bruiser,19,8,11,42.11,0.0,1.0,12.0,4.0,21219.5,0.5,22.0,29234.5,0.0,13.0,15906.0,60663.0,150.0
77,gold dragons,S4,baradin#11218,B1,8931566,96263,Imperius,Bruiser,17,9,8,52.94,0.0,0.0,4.0,3.0,14175.0,0.0,18.0,16221.0,0.0,4.0,8468.0,46295.0,94.0
67,gold dragons,S4,baradin#11218,B1,8931566,96263,Sonya,Bruiser,16,8,8,50.0,0.65,3.05,7.45,2.85,13876.0,0.45,19.85,31798.0,0.0,10.5,21012.3,53735.8,95.4
59,gold dragons,S4,baradin#11218,B1,8931566,96263,Ragnaros,Bruiser,9,7,2,77.78,0.67,3.67,7.67,3.33,25214.67,0.33,21.67,37450.33,0.0,11.67,18325.67,60829.33,130.0
69,gold dragons,S4,baradin#11218,B1,8931566,96263,Anduin,Healer,29,14,15,48.28,1.0,2.0,11.0,1.0,4960.0,1.0,20.0,13153.0,40250.0,13.0,6282.0,16064.0,50.0
56,gold dragons,S4,baradin#11218,B1,8931566,96263,Lt. Morales,Healer,5,3,2,60.0,1.0,5.0,22.0,8.0,15414.0,0.0,27.0,25595.0,109384.0,27.0,33955.0,81381.0,371.0
64,gold dragons,S4,baradin#11218,B1,8931566,96263,The Butcher,Melee Assassin,6,4,2,66.67,1.0,4.0,2.0,3.0,8691.0,0.0,15.0,17531.0,0.0,6.0,5384.0,28596.0,75.0
55,gold dragons,S4,baradin#11218,B1,8931566,96263,Lunara,Ranged Assassin,22,13,9,59.09,0.5,4.0,7.5,4.0,10865.0,0.5,20.5,44217.0,0.0,11.5,0.0,25799.5,153.0
65,gold dragons,S4,baradin#11218,B1,8931566,96263,Sylvanas,Ranged Assassin,15,8,7,53.33,0.33,4.0,6.67,3.67,14051.67,0.67,20.67,40948.33,0.0,10.67,2487.33,39874.0,148.0
81,gold dragons,S4,baradin#11218,B1,8931566,96263,Falstad,Ranged Assassin,15,8,7,53.33,0.67,5.17,8.67,3.0,10508.67,0.17,21.0,42192.33,0.0,13.83,9834.33,35369.0,132.17
62,gold dragons,S4,baradin#11218,B1,8931566,96263,Tychus,Ranged Assassin,7,2,5,28.57,1.0,7.0,16.0,4.0,13705.0,1.0,23.0,42570.0,0.0,23.0,0.0,43868.0,173.0
75,gold dragons,S4,baradin#11218,B1,8931566,96263,Johanna,Tank,31,18,13,58.06,1.0,2.0,10.5,1.0,9369.0,0.5,22.0,28445.5,0.0,12.5,26532.0,79677.0,45.5
54,gold dragons,S4,baradin#11218,B1,8931566,96263,Muradin,Tank,6,2,4,33.33,0.0,1.0,7.0,5.0,4142.0,0.0,16.0,20364.0,0.0,8.0,17162.0,77035.0,136.0
3,gold dragons,S4,bgevespmg#1979,B2,987653,14237,Dehaka,Bruiser,9,4,5,44.44,0.4,1.4,4.0,3.4,14369.0,0.6,19.4,22078.6,0.0,5.4,23842.6,68837.6,132.8
1,gold dragons,S4,bgevespmg#1979,B2,987653,14237,Deathwing,Bruiser,7,3,4,42.86,0.5,1.5,8.0,2.5,13812.75,0.5,21.25,39240.75,0.0,9.5,24700.75,64224.25,125.75
72,gold dragons,S4,bgevespmg#1979,B2,987653,14237,Xul,Bruiser,5,4,1,80.0,0.67,2.33,8.33,4.67,15504.33,0.33,22.0,47373.33,0.0,10.67,10712.0,67916.0,193.33
2,gold dragons,S4,bgevespmg#1979,B2,987653,14237,Deckard,Healer,39,20,19,51.28,0.0,0.57,8.86,3.71,7150.57,0.43,18.29,18813.86,76025.29,9.43,0.0,48042.71,135.57
18,gold dragons,S4,bgevespmg#1979,B2,987653,14237,Malfurion,Healer,6,4,2,66.67,0.5,2.0,7.83,3.33,5339.17,0.33,18.0,11923.33,45920.67,9.83,0.0,29250.83,98.83
35,gold dragons,S4,bgevespmg#1979,B2,987653,14237,Stukov,Healer,5,1,4,20.0,0.2,1.6,9.6,2.2,5511.4,0.2,17.8,20422.6,57695.6,11.2,0.0,32364.6,82.6
6,gold dragons,S4,bgevespmg#1979,B2,987653,14237,Alarak,Melee Assassin,6,2,4,33.33,0.5,3.0,5.0,2.5,6223.5,0.5,17.0,26756.5,0.0,8.0,6288.5,40102.0,98.0
20,gold dragons,S4,bgevespmg#1979,B2,987653,14237,Li-Ming,Ranged Assassin,6,4,2,66.67,1.0,2.0,10.33,1.0,12766.67,0.67,19.0,51022.33,0.0,12.33,0.0,29106.33,43.0
21,gold dragons,S4,bgevespmg#1979,B2,987653,14237,Kael'thas,Ranged Assassin,5,3,2,60.0,0.0,4.0,3.0,4.0,9167.0,0.0,18.0,40713.0,0.0,7.0,123.0,35723.0,150.0
70,gold dragons,S4,bgevespmg#1979,B2,987653,14237,Zarya,Support,7,3,4,42.86,0.17,2.17,6.83,3.5,10288.0,0.33,20.17,31535.5,13089.0,9.0,21373.17,73890.5,152.83
0,gold dragons,S4,bgevespmg#1979,B2,987653,14237,Diablo,Tank,40,23,17,57.5,0.45,2.35,10.42,3.48,7530.32,0.71,19.81,28647.32,0.0,12.77,33220.81,102074.65,90.29
13,gold dragons,S4,bgevespmg#1979,B2,987653,14237,Johanna,Tank,29,18,11,62.07,0.59,2.06,9.94,2.66,9666.97,0.5,20.12,40775.59,393.94,12.0,25801.94,81085.69,104.94
16,gold dragons,S4,bgevespmg#1979,B2,987653,14237,Mei,Tank,12,4,8,33.33,0.33,2.17,10.5,1.75,7948.42,0.67,18.92,26970.0,0.0,12.67,21486.08,66429.17,62.58
12,gold dragons,S4,bgevespmg#1979,B2,987653,14237,Garrosh,Tank,10,6,4,60.0,0.5,2.5,11.31,3.94,8190.62,0.69,20.56,24959.0,0.0,13.81,10743.0,69407.12,164.75
11,gold dragons,S4,bgevespmg#1979,B2,987653,14237,Anub'arak,Tank,9,3,6,33.33,0.21,1.21,5.71,3.21,8283.64,0.71,19.79,25872.86,0.0,6.93,18420.93,64220.29,145.29
347,30 seconds to mosh,S2,borntoshine#11556,G4,6612101,15,Sonya,Bruiser,68,32,36,47.06,0.48,4.1,10.44,4.62,12420.29,0.08,19.81,31378.81,0.0,14.58,22893.08,64805.19,167.38
242,30 seconds to mosh,S2,borntoshine#11556,G4,6612101,15,Ragnaros,Bruiser,58,35,23,60.34,0.59,3.54,11.46,4.08,20224.59,0.03,20.35,43566.22,32.49,15.0,9015.51,26014.65,158.3
414,30 seconds to mosh,S2,borntoshine#11556,G4,6612101,15,Thrall,Bruiser,55,31,24,56.36,0.56,4.51,11.69,4.13,13651.79,0.26,19.82,36096.9,23522.64,16.23,23775.46,3737.13,152.05
248,30 seconds to mosh,S2,borntoshine#11556,G4,6612101,15,Dehaka,Bruiser,30,17,13,56.67,0.53,2.0,10.89,3.21,12967.63,0.32,20.0,24537.11,0.0,12.89,22366.37,68265.53,123.21
423,30 seconds to mosh,S2,borntoshine#11556,G4,6612101,15,Xul,Bruiser,11,4,7,36.36,0.38,3.5,12.5,5.25,14139.38,0.12,14.88,44022.0,0.0,16.0,12622.5,32586.25,180.88
210,30 seconds to mosh,S2,borntoshine#11556,G4,6612101,15,Brightwing,Healer,603,340,263,56.38,0.52,1.37,11.92,2.34,8485.72,0.46,20.17,14867.62,80715.67,13.31,13.7,26404.51,90.13
410,30 seconds to mosh,S2,borntoshine#11556,G4,6612101,15,Stukov,Healer,496,261,235,52.62,0.51,2.27,11.76,2.21,8326.74,0.49,20.11,20545.52,74630.12,14.05,28.14,31104.71,92.35
201,30 seconds to mosh,S2,borntoshine#11556,G4,6612101,15,Anduin,Healer,462,225,237,48.7,0.48,1.53,12.59,1.91,7824.52,0.6,20.47,22096.12,65402.74,14.14,5127.95,31073.61,80.82
244,30 seconds to mosh,S2,borntoshine#11556,G4,6612101,15,Rehgar,Healer,440,241,199,54.77,0.53,1.62,11.33,2.35,9097.32,0.45,19.89,14211.68,68970.41,12.96,804.2,45039.24,90.75
205,30 seconds to mosh,S2,borntoshine#11556,G4,6612101,15,Auriel,Healer,298,164,134,55.03,0.54,1.54,11.73,2.52,8440.53,0.45,19.62,20020.74,59024.41,13.3,5220.29,27417.88,98.16
264,30 seconds to mosh,S2,borntoshine#11556,G4,6612101,15,Kerrigan,Melee Assassin,5,2,3,40.0,0.5,3.25,12.5,7.25,11904.0,0.0,21.0,35999.5,0.0,16.0,24239.25,0.0,302.0
413,30 seconds to mosh,S2,borntoshine#11556,G4,6612101,15,The Butcher,Melee Assassin,5,2,3,40.0,0.5,1.75,11.25,4.25,11616.0,0.5,20.75,16389.0,0.0,13.0,1402.5,0.0,162.75
246,30 seconds to mosh,S2,borntoshine#11556,G4,6612101,15,Li-Ming,Ranged Assassin,511,235,276,45.99,0.44,4.62,10.08,2.71,12709.91,0.21,20.59,40630.42,198.57,14.76,3078.55,9909.48,105.75
260,30 seconds to mosh,S2,borntoshine#11556,G4,6612101,15,Jaina,Ranged Assassin,365,181,184,49.59,0.49,3.9,11.0,3.92,12940.64,0.22,20.16,37870.89,32.72,14.94,3138.59,15663.4,147.38
231,30 seconds to mosh,S2,borntoshine#11556,G4,6612101,15,Lunara,Ranged Assassin,327,160,167,48.93,0.48,4.49,9.84,3.26,13381.97,0.15,20.36,37419.13,120.01,14.36,297.99,10492.63,127.08
420,30 seconds to mosh,S2,borntoshine#11556,G4,6612101,15,Valla,Ranged Assassin,231,107,124,46.32,0.48,4.49,10.54,3.88,13000.21,0.15,20.53,38344.39,0.0,15.05,967.95,5235.51,150.13
208,30 seconds to mosh,S2,borntoshine#11556,G4,6612101,15,Azmodan,Ranged Assassin,121,64,57,52.89,0.54,2.87,9.58,2.68,16327.12,0.18,20.09,43388.34,86.15,12.51,227.62,20234.95,104.71
261,30 seconds to mosh,S2,borntoshine#11556,G4,6612101,15,Johanna,Tank,158,73,85,46.2,0.46,2.01,11.96,2.7,10670.66,0.26,19.75,30122.69,4913.2,14.0,27143.91,83074.99,101.02
211,30 seconds to mosh,S2,borntoshine#11556,G4,6612101,15,Cho,Tank,61,34,27,55.74,0.57,3.9,11.9,2.09,11216.52,0.21,19.74,34728.83,485.81,15.83,18384.43,74555.69,80.0
250,30 seconds to mosh,S2,borntoshine#11556,G4,6612101,15,Diablo,Tank,30,15,15,50.0,0.61,3.72,13.17,4.61,10277.83,0.0,17.94,31071.67,0.0,16.89,1661.11,60145.17,111.67
236,30 seconds to mosh,S2,borntoshine#11556,G4,6612101,15,Muradin,Tank,23,9,14,39.13,0.36,2.52,10.4,2.8,10492.64,0.32,16.68,25371.36,2487.16,12.96,23531.48,75274.0,95.36
417,30 seconds to mosh,S2,borntoshine#11556,G4,6612101,15,Tyrael,Tank,13,5,8,38.46,0.3,1.6,10.5,4.4,12763.9,0.1,18.4,25322.2,13099.1,12.1,7404.0,66686.6,170.9
215,30 seconds to mosh,S2,direpants#125315,G5,8045303,9016,Xul,Bruiser,43,25,18,58.14,0.42,1.33,6.58,5.33,18930.75,0.5,21.08,44953.08,0.0,7.92,12661.58,54983.42,225.75
317,30 seconds to mosh,S2,direpants#125315,G5,8045303,9016,Dehaka,Bruiser,43,21,22,48.84,0.53,2.39,8.71,2.84,17984.21,0.53,21.16,34410.08,0.0,11.16,21361.61,67157.45,123.21
322,30 seconds to mosh,S2,direpants#125315,G5,8045303,9016,Gazlowe,Bruiser,42,23,19,54.76,0.52,1.86,8.31,3.0,14899.48,0.48,20.38,40568.9,0.0,10.21,17024.83,48386.0,121.03
216,30 seconds to mosh,S2,direpants#125315,G5,8045303,9016,Varian,Bruiser,40,17,23,42.5,0.39,2.3,11.65,3.3,8141.74,0.7,20.78,34204.61,52.09,14.04,30289.39,83881.22,133.78
298,30 seconds to mosh,S2,direpants#125315,G5,8045303,9016,Leoric,Bruiser,39,29,10,74.36,0.8,2.39,11.36,3.45,19163.18,0.7,21.02,34216.0,0.0,13.8,26587.16,70069.32,146.82
297,30 seconds to mosh,S2,direpants#125315,G5,8045303,9016,Kharazim,Healer,31,21,10,67.74,0.33,4.0,12.33,4.33,9932.67,1.0,20.67,37626.67,42707.33,16.33,0.0,46870.67,214.67
303,30 seconds to mosh,S2,direpants#125315,G5,8045303,9016,Malfurion,Healer,11,4,7,36.36,0.67,2.0,18.67,4.33,8686.33,1.0,22.67,26036.0,89706.0,20.67,0.0,47744.0,193.67
275,30 seconds to mosh,S2,direpants#125315,G5,8045303,9016,Alexstrasza,Healer,10,6,4,60.0,0.0,1.0,5.0,4.0,2196.0,1.0,18.0,10880.0,62634.0,6.0,3596.0,21334.0,149.0
299,30 seconds to mosh,S2,direpants#125315,G5,8045303,9016,Li Li,Healer,8,6,2,75.0,0.0,1.0,11.0,4.0,8123.0,0.0,23.0,31440.0,115175.0,12.0,0.0,59475.0,192.0
316,30 seconds to mosh,S2,direpants#125315,G5,8045303,9016,Deckard,Healer,8,4,4,50.0,0.5,2.0,7.0,1.5,9007.0,0.0,20.5,17697.0,79176.5,9.0,0.0,40597.0,75.0
309,30 seconds to mosh,S2,direpants#125315,G5,8045303,9016,Murky,Melee Assassin,31,18,13,58.06,0.33,0.0,1.33,1.33,18766.0,0.33,20.0,12981.67,0.0,1.33,6080.0,30421.67,76.0
243,30 seconds to mosh,S2,direpants#125315,G5,8045303,9016,Qhira,Melee Assassin,6,2,4,33.33,0.5,3.5,8.0,4.5,10522.0,0.5,21.0,63781.5,0.0,11.5,20988.0,66215.0,208.5
301,30 seconds to mosh,S2,direpants#125315,G5,8045303,9016,Lunara,Ranged Assassin,102,52,50,50.98,0.4,3.3,6.1,2.7,12908.9,0.6,20.1,43644.8,0.0,9.5,0.0,28523.3,113.3
326,30 seconds to mosh,S2,direpants#125315,G5,8045303,9016,Hanzo,Ranged Assassin,67,20,47,29.85,0.4,2.6,8.07,3.4,11450.27,0.27,21.07,48105.47,0.0,10.73,0.0,20911.13,135.53
320,30 seconds to mosh,S2,direpants#125315,G5,8045303,9016,Falstad,Ranged Assassin,50,23,27,46.0,0.4,3.35,6.4,3.05,14350.5,0.4,20.6,38351.55,0.0,9.75,10388.35,33880.65,128.35
213,30 seconds to mosh,S2,direpants#125315,G5,8045303,9016,Zagara,Ranged Assassin,43,20,23,46.51,0.17,1.42,4.08,4.17,12154.58,0.25,18.83,41948.67,0.0,5.5,2034.58,25603.17,157.42
324,30 seconds to mosh,S2,direpants#125315,G5,8045303,9016,Greymane,Ranged Assassin,43,21,22,48.84,0.75,4.0,11.25,5.75,14674.0,0.25,22.75,55710.0,0.0,15.25,127.75,55218.5,210.0
274,30 seconds to mosh,S2,direpants#125315,G5,8045303,9016,Abathur,Support,22,11,11,50.0,0.4,1.2,8.7,0.7,19382.9,0.6,21.3,32611.9,20864.4,10.0,1384.9,1305.9,32.2
312,30 seconds to mosh,S2,direpants#125315,G5,8045303,9016,Johanna,Tank,76,47,29,61.84,0.67,2.17,10.97,2.47,12772.69,0.72,20.44,38032.11,1315.94,13.17,16820.14,67746.03,102.03
277,30 seconds to mosh,S2,direpants#125315,G5,8045303,9016,Anub'arak,Tank,46,24,22,52.17,0.53,1.96,12.29,2.42,8435.44,0.58,20.16,25913.4,0.0,14.24,15806.02,56386.73,100.31
319,30 seconds to mosh,S2,direpants#125315,G5,8045303,9016,E.T.C.,Tank,37,16,21,43.24,0.42,1.39,10.1,3.32,8462.81,0.61,20.29,19112.16,2061.61,11.52,19991.71,58593.94,132.35
308,30 seconds to mosh,S2,direpants#125315,G5,8045303,9016,Muradin,Tank,22,13,9,59.09,0.59,1.86,10.32,2.82,7086.23,0.64,19.73,26742.09,66.45,12.18,26419.95,74627.86,104.68
318,30 seconds to mosh,S2,direpants#125315,G5,8045303,9016,Diablo,Tank,16,9,7,56.25,0.5,1.75,11.5,4.88,7979.12,0.5,20.38,34662.5,0.0,13.25,25868.5,109914.25,119.62
32,gold dragons,S4,heneo#1255,G5,2162247,58032,Li Li,Healer,139,62,77,44.6,0.44,1.1,10.62,2.26,6790.97,0.56,20.15,23048.67,78084.38,11.72,0.0,43320.05,91.95
156,gold dragons,S4,heneo#1255,G5,2162247,58032,Brightwing,Healer,80,35,45,43.75,0.39,1.17,9.92,2.64,6779.06,0.47,19.75,10698.72,84483.56,11.11,0.0,32522.25,98.28
28,gold dragons,S4,heneo#1255,G5,2162247,58032,Lúcio,Healer,60,30,30,50.0,0.46,1.59,10.0,2.69,6240.67,0.49,19.49,19750.62,89120.43,11.61,129.75,38408.25,104.18
50,gold dragons,S4,heneo#1255,G5,2162247,58032,Rehgar,Healer,17,11,6,64.71,0.52,2.83,11.09,3.91,8331.87,0.61,21.17,23071.22,79304.96,13.96,0.0,56590.48,158.17
22,gold dragons,S4,heneo#1255,G5,2162247,58032,Kharazim,Healer,15,9,6,60.0,0.56,4.25,12.75,3.62,8905.94,0.75,21.56,34413.31,85281.94,17.06,155.12,61172.12,148.88
46,gold dragons,S4,heneo#1255,G5,2162247,58032,Tassadar,Ranged Assassin,23,11,12,47.83,0.47,3.13,7.87,2.93,11142.33,0.4,19.53,50330.6,0.0,11.0,1255.93,31063.47,110.33
49,gold dragons,S4,heneo#1255,G5,2162247,58032,Sgt. Hammer,Ranged Assassin,14,9,5,64.29,0.0,2.0,6.0,6.0,11727.0,1.0,21.0,82976.0,0.0,8.0,9024.0,45690.0,179.0
40,gold dragons,S4,heneo#1255,G5,2162247,58032,Valla,Ranged Assassin,7,1,6,14.29,0.0,3.0,3.71,4.43,8112.43,0.14,17.14,39243.29,0.0,6.86,3657.29,30976.86,149.86
47,gold dragons,S4,heneo#1255,G5,2162247,58032,Sylvanas,Ranged Assassin,5,4,1,80.0,0.75,4.0,6.5,3.75,10369.25,0.25,20.25,41766.75,0.0,10.5,579.25,35142.25,119.25
24,gold dragons,S4,heneo#1255,G5,2162247,58032,Muradin,Tank,10,8,2,80.0,1.0,1.5,9.0,2.5,12154.5,0.5,21.5,47631.5,0.0,10.5,48698.5,117589.0,116.0
515,30 seconds to mosh,S2,knivers#1675,B1,9772524,2139,Leoric,Bruiser,35,16,19,45.71,0.47,1.67,10.13,3.67,15542.53,0.67,19.6,28969.0,0.0,11.8,19957.27,67833.53,136.4
530,30 seconds to mosh,S2,knivers#1675,B1,9772524,2139,Varian,Bruiser,35,20,15,57.14,0.56,2.16,13.22,3.16,8763.44,0.75,20.94,27201.34,0.0,15.41,26403.62,82530.19,122.84
521,30 seconds to mosh,S2,knivers#1675,B1,9772524,2139,Artanis,Bruiser,18,11,7,61.11,0.67,3.67,13.0,4.17,15427.83,0.17,22.5,42973.67,0.0,16.67,25480.83,79557.5,197.33
545,30 seconds to mosh,S2,knivers#1675,B1,9772524,2139,Sonya,Bruiser,9,2,7,22.22,0.33,2.67,10.0,5.67,8720.0,0.67,18.0,27554.67,0.0,12.67,20365.67,54842.0,160.33
549,30 seconds to mosh,S2,knivers#1675,B1,9772524,2139,Thrall,Bruiser,9,5,4,55.56,0.33,3.0,9.67,7.33,9631.0,0.33,18.67,29417.67,15888.67,12.67,15659.67,50524.0,277.33
516,30 seconds to mosh,S2,knivers#1675,B1,9772524,2139,Lúcio,Healer,44,15,29,34.09,0.12,1.5,8.5,5.25,6622.62,0.25,19.75,24898.62,72115.62,10.0,1597.0,48919.5,184.5
525,30 seconds to mosh,S2,knivers#1675,B1,9772524,2139,Deckard,Healer,15,5,10,33.33,0.0,0.33,8.67,4.67,8649.33,0.0,20.67,12938.67,36418.67,9.0,0.0,36646.0,190.33
512,30 seconds to mosh,S2,knivers#1675,B1,9772524,2139,Malfurion,Healer,14,2,12,14.29,0.0,0.67,4.67,5.67,3845.0,0.0,17.33,11672.33,32433.0,5.33,0.0,30080.67,187.33
523,30 seconds to mosh,S2,knivers#1675,B1,9772524,2139,Brightwing,Healer,11,5,6,45.45,0.5,2.67,10.83,3.0,7893.5,0.33,18.5,14642.0,55052.83,13.5,0.0,28859.17,113.17
538,30 seconds to mosh,S2,knivers#1675,B1,9772524,2139,Uther,Healer,8,3,5,37.5,0.5,0.67,9.0,3.5,7266.67,0.5,18.33,14027.17,25440.67,9.67,1722.67,42611.67,113.17
548,30 seconds to mosh,S2,knivers#1675,B1,9772524,2139,The Butcher,Melee Assassin,6,4,2,66.67,1.0,7.0,5.0,2.0,25141.0,0.0,24.0,49536.0,0.0,12.0,23752.0,95349.0,83.0
531,30 seconds to mosh,S2,knivers#1675,B1,9772524,2139,Zul'jin,Ranged Assassin,12,10,2,83.33,0.75,2.75,8.75,5.0,10531.25,0.5,20.25,43102.62,0.0,11.5,18937.62,38072.12,190.62
518,30 seconds to mosh,S2,knivers#1675,B1,9772524,2139,Falstad,Ranged Assassin,9,2,7,22.22,1.0,2.0,6.0,7.0,8632.0,1.0,22.0,28853.0,0.0,8.0,6934.0,26792.0,280.0
541,30 seconds to mosh,S2,knivers#1675,B1,9772524,2139,Nazeebo,Ranged Assassin,8,5,3,62.5,0.0,3.0,10.0,10.0,9612.0,0.0,20.0,41405.0,0.0,13.0,0.0,38944.0,344.0
508,30 seconds to mosh,S2,knivers#1675,B1,9772524,2139,Kael'thas,Ranged Assassin,7,0,7,0.0,0.0,7.5,11.5,9.0,15461.5,1.0,24.0,44817.5,0.0,19.0,1089.5,55687.0,415.5
539,30 seconds to mosh,S2,knivers#1675,B1,9772524,2139,Tychus,Ranged Assassin,7,1,6,14.29,0.0,2.0,4.0,4.0,6711.0,0.0,18.0,30251.0,0.0,6.0,651.0,34425.0,172.0
540,30 seconds to mosh,S2,knivers#1675,B1,9772524,2139,Muradin,Tank,154,81,73,52.6,0.55,2.95,12.68,2.68,9414.63,0.61,20.75,34178.39,2.61,15.67,30633.37,86295.72,114.03
519,30 seconds to mosh,S2,knivers#1675,B1,9772524,2139,E.T.C.,Tank,93,53,40,56.99,0.59,1.88,12.62,3.61,9282.76,0.55,20.67,21062.44,883.69,14.52,25981.55,68699.49,151.0
511,30 seconds to mosh,S2,knivers#1675,B1,9772524,2139,Johanna,Tank,85,38,47,44.71,0.42,1.98,11.79,3.02,9448.54,0.52,19.52,31047.35,2153.5,13.77,19029.54,74093.42,107.79
527,30 seconds to mosh,S2,knivers#1675,B1,9772524,2139,Diablo,Tank,78,30,48,38.46,0.38,2.45,10.78,4.42,8763.78,0.52,20.02,31580.52,0.0,13.28,22530.9,97699.92,119.82
517,30 seconds to mosh,S2,knivers#1675,B1,9772524,2139,Garrosh,Tank,56,27,29,48.21,0.47,2.28,11.96,3.83,8292.51,0.53,20.53,24123.74,71.7,14.23,9144.6,62212.72,151.3
574,30 seconds to mosh,S2,leinad#1643,G3,741150,58,Sonya,Bruiser,152,96,56,63.16,0.62,4.35,7.9,2.8,16702.73,0.59,20.33,47588.5,0.0,12.29,16058.97,60008.27,113.83
558,30 seconds to mosh,S2,leinad#1643,G3,741150,58,Yrel,Bruiser,91,37,54,40.66,0.41,2.13,9.96,2.99,16563.03,0.64,20.69,31246.71,1318.71,12.11,18395.17,73790.77,129.21
629,30 seconds to mosh,S2,leinad#1643,G3,741150,58,D.Va,Bruiser,78,49,29,62.82,0.51,3.39,8.71,3.58,17998.16,0.48,20.62,43093.63,0.0,12.13,14345.23,82770.35,85.42
568,30 seconds to mosh,S2,leinad#1643,G3,741150,58,Malthael,Bruiser,73,31,42,42.47,0.42,7.37,7.79,4.53,13494.63,0.63,19.79,52935.0,12395.89,15.21,14841.79,58163.95,168.53
606,30 seconds to mosh,S2,leinad#1643,G3,741150,58,Leoric,Bruiser,63,35,28,55.56,0.56,3.5,11.01,4.06,17788.54,0.66,20.41,38456.0,0.0,14.53,28675.19,78094.91,166.03
605,30 seconds to mosh,S2,leinad#1643,G3,741150,58,Li Li,Healer,11,7,4,63.64,0.67,3.0,10.33,2.67,7696.0,0.33,20.0,28306.0,72569.67,13.33,0.0,32472.0,112.33
618,30 seconds to mosh,S2,leinad#1643,G3,741150,58,Deckard,Healer,10,3,7,30.0,0.25,1.75,16.25,4.25,9522.5,0.25,22.25,17436.75,80226.25,18.0,11206.0,50237.5,209.0
567,30 seconds to mosh,S2,leinad#1643,G3,741150,58,Malfurion,Healer,8,2,6,25.0,0.33,1.33,7.67,3.33,7802.33,0.0,18.67,13502.67,61048.33,9.0,0.0,37317.33,134.0
563,30 seconds to mosh,S2,leinad#1643,G3,741150,58,Lt. Morales,Healer,7,3,4,42.86,1.0,4.0,20.0,1.0,7445.5,1.0,19.5,10839.0,58284.5,24.0,15141.5,25161.0,41.5
565,30 seconds to mosh,S2,leinad#1643,G3,741150,58,Lúcio,Healer,7,2,5,28.57,0.0,5.0,12.0,7.0,9995.0,0.0,25.0,39196.0,76754.0,18.0,0.0,64941.0,411.0
566,30 seconds to mosh,S2,leinad#1643,G3,741150,58,Maiev,Melee Assassin,17,8,9,47.06,0.5,4.5,10.5,2.0,8917.5,0.5,17.0,33219.0,0.0,15.0,0.0,34988.5,44.5
625,30 seconds to mosh,S2,leinad#1643,G3,741150,58,Illidan,Melee Assassin,15,7,8,46.67,0.4,7.8,9.6,5.8,15059.6,1.0,20.6,42106.6,0.0,17.4,25023.8,73529.2,232.6
564,30 seconds to mosh,S2,leinad#1643,G3,741150,58,Lunara,Ranged Assassin,108,46,62,42.59,0.36,4.97,8.67,4.06,13020.88,0.33,19.58,52463.18,98.58,13.67,0.0,33381.85,145.06
555,30 seconds to mosh,S2,leinad#1643,G3,741150,58,Valla,Ranged Assassin,93,44,49,47.31,0.31,5.69,10.0,4.44,13898.31,0.25,21.5,64457.31,0.0,15.81,4280.44,38293.88,181.12
624,30 seconds to mosh,S2,leinad#1643,G3,741150,58,Hanzo,Ranged Assassin,59,32,27,54.24,0.33,3.67,5.67,6.0,10407.33,0.33,19.67,41972.67,0.0,9.67,0.0,33305.67,201.33
626,30 seconds to mosh,S2,leinad#1643,G3,741150,58,Jaina,Ranged Assassin,58,35,23,60.34,0.54,6.62,11.38,5.08,11869.08,0.46,21.0,57271.31,0.0,18.0,0.0,37012.69,180.08
623,30 seconds to mosh,S2,leinad#1643,G3,741150,58,Greymane,Ranged Assassin,52,26,26,50.0,0.5,7.5,10.75,7.0,15691.5,0.25,21.5,53340.25,0.0,18.25,0.0,54817.75,290.75
620,30 seconds to mosh,S2,leinad#1643,G3,741150,58,Diablo,Tank,17,7,10,41.18,0.44,2.44,10.33,7.78,9574.11,0.22,20.33,41443.33,0.0,12.78,19575.56,118945.44,218.89
633,30 seconds to mosh,S2,leinad#1643,G3,741150,58,Blaze,Tank,6,2,4,33.33,0.0,0.5,6.5,5.5,11869.0,0.5,21.0,22480.0,0.0,7.0,7211.0,60601.0,212.5
569,30 seconds to mosh,S2,leinad#1643,G3,741150,58,Muradin,Tank,5,0,5,0.0,0.0,2.0,10.0,5.0,8357.0,0.5,18.0,26637.5,0.0,12.0,34223.0,104143.0,153.5
627,30 seconds to mosh,S2,leinad#1643,G3,741150,58,Johanna,Tank,5,0,5,0.0,0.0,0.0,3.5,2.5,7191.0,0.5,17.0,16956.0,0.0,3.5,8606.0,53104.5,73.0
611,30 seconds to mosh,S2,mowbwan#1362,S3,4293850,15372,Sonya,Bruiser,114,60,54,52.63,0.43,2.71,7.71,4.0,15016.0,0.43,21.14,41737.86,0.0,10.43,46010.57,89223.86,160.86
632,30 seconds to mosh,S2,mowbwan#1362,S3,4293850,15372,Varian,Bruiser,46,22,24,47.83,0.6,3.91,14.66,2.32,8848.28,0.7,21.13,34654.19,0.0,18.57,38421.66,92279.64,93.68
616,30 seconds to mosh,S2,mowbwan#1362,S3,4293850,15372,Li Li,Healer,39,13,26,33.33,0.0,1.0,12.0,3.0,7162.0,1.0,21.0,27139.0,101385.0,13.0,0.0,42395.0,116.0
610,30 seconds to mosh,S2,mowbwan#1362,S3,4293850,15372,Rehgar,Healer,37,16,21,43.24,0.0,4.0,16.0,4.0,9391.0,0.0,21.0,21895.0,75595.0,20.0,0.0,51372.0,203.0
609,30 seconds to mosh,S2,mowbwan#1362,S3,4293850,15372,Raynor,Ranged Assassin,111,65,46,58.56,0.56,1.56,7.0,3.78,11200.56,0.56,19.11,42188.89,0.0,8.56,8244.0,32027.89,142.56
631,30 seconds to mosh,S2,mowbwan#1362,S3,4293850,15372,Valla,Ranged Assassin,34,13,21,38.24,0.0,0.5,4.5,3.0,7599.5,0.5,18.0,36876.5,0.0,5.0,5085.5,33609.0,105.0
614,30 seconds to mosh,S2,mowbwan#1362,S3,4293850,15372,Greymane,Ranged Assassin,27,12,15,44.44,0.33,3.0,7.0,3.67,11225.33,0.33,20.33,31660.67,0.0,10.0,0.0,40818.0,174.0
615,30 seconds to mosh,S2,mowbwan#1362,S3,4293850,15372,Johanna,Tank,306,160,146,52.29,0.58,1.94,11.61,2.41,9563.09,0.57,20.29,32694.33,1517.38,13.55,17659.11,66853.82,90.19
608,30 seconds to mosh,S2,mowbwan#1362,S3,4293850,15372,Muradin,Tank,173,93,80,53.76,0.61,2.29,11.73,2.2,7925.55,0.49,20.14,30448.63,0.0,14.03,25526.71,76423.76,81.65
551,30 seconds to mosh,S2,mowbwan#1362,S3,4293850,15372,Diablo,Tank,157,74,83,47.13,0.56,2.85,12.33,3.04,8201.63,0.52,20.33,31654.93,0.0,15.26,14761.19,90925.04,78.63
485,30 seconds to mosh,S2,mowbwan#1362,S3,4293850,15372,Anub'arak,Tank,112,53,59,47.32,0.49,1.82,10.07,3.07,8707.69,0.42,20.64,31495.67,0.0,11.89,21593.6,62833.93,123.27
617,30 seconds to mosh,S2,mowbwan#1362,S3,4293850,15372,Tyrael,Tank,19,9,10,47.37,0.5,1.7,9.2,2.7,7668.4,0.6,20.6,30710.7,13319.8,10.9,29084.4,80265.2,112.0
162,gold dragons,S4,nicepants#11833,S3,7798962,58033,Varian,Bruiser,35,26,9,74.29,0.75,2.62,13.62,2.08,7471.08,0.33,20.17,31654.08,0.0,16.25,28644.38,77222.42,76.08
197,gold dragons,S4,nicepants#11833,S3,7798962,58033,Leoric,Bruiser,27,10,17,37.04,0.67,2.78,14.44,2.89,16875.22,0.78,21.11,39541.89,0.0,17.22,28708.0,82117.0,134.78
145,gold dragons,S4,nicepants#11833,S3,7798962,58033,Sonya,Bruiser,21,9,12,42.86,0.17,2.83,8.33,2.33,16601.33,0.5,21.83,41334.83,0.0,11.17,24544.5,68424.5,119.67
147,gold dragons,S4,nicepants#11833,S3,7798962,58033,Rexxar,Bruiser,17,6,11,35.29,0.33,3.0,10.17,2.17,14870.0,0.33,21.17,37734.67,140.33,13.17,29648.33,85588.17,99.0
169,gold dragons,S4,nicepants#11833,S3,7798962,58033,Hogger,Bruiser,13,8,5,61.54,0.11,1.33,4.0,2.89,13466.33,0.56,19.0,31327.67,0.0,5.33,17244.11,46972.44,105.78
193,gold dragons,S4,nicepants#11833,S3,7798962,58033,Lúcio,Healer,34,18,16,52.94,0.38,0.88,11.0,2.0,5576.88,0.5,19.12,18848.0,71943.88,11.88,3201.12,35451.25,89.25
143,gold dragons,S4,nicepants#11833,S3,7798962,58033,Stukov,Healer,32,19,13,59.38,0.67,3.0,19.0,4.33,7983.33,0.67,21.67,25217.0,79199.67,22.0,0.0,41300.0,156.33
104,gold dragons,S4,nicepants#11833,S3,7798962,58033,Anduin,Healer,28,13,15,46.43,0.33,1.0,5.67,2.0,5133.67,0.33,19.0,20627.67,62994.67,6.67,8678.33,24924.0,80.0
148,gold dragons,S4,nicepants#11833,S3,7798962,58033,Rehgar,Healer,25,13,12,52.0,0.6,3.2,12.6,1.4,9010.4,0.6,21.0,15730.6,69972.4,15.8,1264.0,35995.8,62.2
198,gold dragons,S4,nicepants#11833,S3,7798962,58033,Kharazim,Healer,24,13,11,54.17,0.0,2.0,10.0,2.0,5725.0,0.0,17.0,27304.0,45724.0,12.0,0.0,41156.0,84.0
146,gold dragons,S4,nicepants#11833,S3,7798962,58033,Samuro,Melee Assassin,52,35,17,67.31,0.5,1.25,4.0,1.5,14287.75,0.75,19.0,26238.25,1854.75,5.25,2030.25,26838.25,79.75
152,gold dragons,S4,nicepants#11833,S3,7798962,58033,Valeera,Melee Assassin,24,11,13,45.83,1.0,2.0,13.0,1.0,12535.0,1.0,20.0,29970.0,0.0,15.0,0.0,30129.0,19.0
140,gold dragons,S4,nicepants#11833,S3,7798962,58033,The Butcher,Melee Assassin,22,13,9,59.09,0.5,6.0,14.5,6.0,24741.5,0.5,25.0,43067.0,176.0,20.5,18174.0,92243.0,333.5
149,gold dragons,S4,nicepants#11833,S3,7798962,58033,Raynor,Ranged Assassin,36,28,8,77.78,0.67,2.67,6.67,1.67,9501.17,0.5,18.83,33216.67,0.0,9.33,9388.0,24288.83,67.33
170,gold dragons,S4,nicepants#11833,S3,7798962,58033,Hanzo,Ranged Assassin,36,10,26,27.78,0.21,3.16,8.32,2.0,12149.05,0.47,20.47,43441.16,0.0,11.47,0.0,19687.42,89.74
171,gold dragons,S4,nicepants#11833,S3,7798962,58033,Greymane,Ranged Assassin,24,14,10,58.33,0.67,2.67,9.67,2.67,16677.33,0.33,22.0,57150.0,0.0,12.67,0.0,41094.0,128.0
137,gold dragons,S4,nicepants#11833,S3,7798962,58033,Tychus,Ranged Assassin,23,11,12,47.83,0.33,4.17,10.17,3.33,12302.67,0.33,19.67,46268.17,0.0,14.33,321.83,34276.0,121.67
163,gold dragons,S4,nicepants#11833,S3,7798962,58033,Zul'jin,Ranged Assassin,22,6,16,27.27,0.0,3.0,6.0,4.0,12849.0,1.0,21.0,29113.0,0.0,9.0,15627.0,28204.0,227.0
106,gold dragons,S4,nicepants#11833,S3,7798962,58033,Abathur,Support,58,28,30,48.28,0.5,1.5,9.75,0.5,20789.5,0.5,22.25,49069.75,19226.5,11.25,1620.0,815.0,17.25
139,gold dragons,S4,nicepants#11833,S3,7798962,58033,The Lost Vikings,Support,42,18,24,42.86,0.29,2.0,10.29,3.0,28872.71,0.57,22.43,22991.14,0.0,12.29,28545.14,86750.14,0.0
167,gold dragons,S4,nicepants#11833,S3,7798962,58033,Zarya,Support,8,7,1,87.5,0.75,4.0,8.75,1.0,10051.0,0.25,19.5,34087.75,12776.25,12.75,20655.5,55452.75,32.5
178,gold dragons,S4,nicepants#11833,S3,7798962,58033,Diablo,Tank,75,37,38,49.33,0.41,2.34,10.03,3.41,7254.79,0.52,19.34,31516.69,0.0,12.38,22571.38,88414.07,82.69
184,gold dragons,S4,nicepants#11833,S3,7798962,58033,E.T.C.,Tank,75,43,32,57.33,0.74,1.58,15.37,1.37,7899.89,0.58,19.84,19011.0,843.89,16.95,18988.42,49118.58,57.11
187,gold dragons,S4,nicepants#11833,S3,7798962,58033,Muradin,Tank,55,28,27,50.91,0.48,1.96,10.48,2.24,6517.4,0.24,18.96,28128.48,0.0,12.44,21364.2,67953.0,84.76
185,gold dragons,S4,nicepants#11833,S3,7798962,58033,Johanna,Tank,45,20,25,44.44,0.43,2.26,11.48,2.17,11102.48,0.43,20.35,37658.39,4171.3,13.74,19818.22,73776.52,79.52
103,gold dragons,S4,nicepants#11833,S3,7798962,58033,Anub'arak,Tank,39,16,23,41.03,0.29,2.0,10.43,2.07,8412.5,0.29,20.21,29258.86,0.0,12.43,18480.5,57715.5,91.21
400,30 seconds to mosh,S2,raka#11141,S5,472181,9368,Artanis,Bruiser,210,119,91,56.67,0.5,3.31,8.86,3.53,11639.29,0.51,19.43,36911.86,1.28,12.21,22254.32,67514.71,130.81
436,30 seconds to mosh,S2,raka#11141,S5,472181,9368,Sonya,Bruiser,205,100,105,48.78,0.48,2.92,6.92,3.84,13748.38,0.48,20.24,36175.46,0.34,9.89,17546.22,60947.63,144.43
445,30 seconds to mosh,S2,raka#11141,S5,472181,9368,Leoric,Bruiser,151,79,72,52.32,0.44,2.47,8.32,4.68,16465.19,0.52,20.64,33937.56,0.0,10.81,22451.07,73627.53,191.26
403,30 seconds to mosh,S2,raka#11141,S5,472181,9368,D.Va,Bruiser,135,69,66,51.11,0.45,2.77,8.11,3.98,16390.91,0.53,20.83,41624.41,0.0,10.89,9067.95,78495.12,120.12
434,30 seconds to mosh,S2,raka#11141,S5,472181,9368,Rexxar,Bruiser,125,66,59,52.8,0.47,3.69,6.79,4.02,14233.31,0.53,19.91,41461.72,4.78,10.5,20588.47,86315.81,143.72
405,30 seconds to mosh,S2,raka#11141,S5,472181,9368,Deckard,Healer,66,26,40,39.39,0.43,0.86,12.71,4.43,8130.29,0.71,22.0,21520.57,63810.0,13.57,0.0,44812.14,221.57
399,30 seconds to mosh,S2,raka#11141,S5,472181,9368,Anduin,Healer,40,17,23,42.5,0.67,1.67,11.0,2.0,4191.33,0.33,18.0,13337.33,31295.33,12.67,4129.0,20785.67,83.33
351,30 seconds to mosh,S2,raka#11141,S5,472181,9368,Whitemane,Healer,27,10,17,37.04,0.2,1.4,11.0,7.8,7338.8,0.6,22.0,28276.8,55943.4,12.4,0.0,47229.8,325.6
433,30 seconds to mosh,S2,raka#11141,S5,472181,9368,Rehgar,Healer,9,1,8,11.11,0.0,0.0,1.0,5.0,8409.0,0.0,14.0,8308.0,7509.0,1.0,348.0,32846.0,127.0
397,30 seconds to mosh,S2,raka#11141,S5,472181,9368,Alarak,Melee Assassin,86,34,52,39.53,0.27,3.87,8.27,6.27,10626.67,0.2,20.33,39417.33,0.0,12.13,7454.73,55449.33,223.73
431,30 seconds to mosh,S2,raka#11141,S5,472181,9368,Qhira,Melee Assassin,45,19,26,42.22,0.5,4.0,9.83,5.0,10772.83,0.5,20.67,36718.5,0.0,14.0,9229.0,50985.33,198.33
444,30 seconds to mosh,S2,raka#11141,S5,472181,9368,Kerrigan,Melee Assassin,22,14,8,63.64,0.56,4.44,9.33,5.78,11906.78,0.67,22.33,39756.56,0.0,13.78,44975.89,64871.11,258.44
396,30 seconds to mosh,S2,raka#11141,S5,472181,9368,The Butcher,Melee Assassin,10,5,5,50.0,0.5,5.5,6.0,8.5,7773.5,0.5,19.0,28193.0,0.0,11.5,15727.0,60536.5,307.5
437,30 seconds to mosh,S2,raka#11141,S5,472181,9368,Lunara,Ranged Assassin,100,56,44,56.0,0.47,3.79,8.11,3.68,12175.32,0.58,21.05,53177.58,0.0,11.89,0.0,35786.37,162.68
349,30 seconds to mosh,S2,raka#11141,S5,472181,9368,Valla,Ranged Assassin,35,11,24,31.43,0.25,3.0,6.5,4.0,9236.75,0.75,19.0,46612.75,0.0,9.5,2709.25,27023.75,161.25
432,30 seconds to mosh,S2,raka#11141,S5,472181,9368,Raynor,Ranged Assassin,24,13,11,54.17,0.5,2.5,4.5,6.5,13482.5,0.0,19.5,34803.0,0.0,7.0,11325.5,37389.0,247.5
426,30 seconds to mosh,S2,raka#11141,S5,472181,9368,Falstad,Ranged Assassin,13,7,6,53.85,0.0,4.0,8.0,8.0,12936.0,0.0,21.0,38640.0,0.0,12.0,11141.0,39623.0,324.0
442,30 seconds to mosh,S2,raka#11141,S5,472181,9368,Kael'thas,Ranged Assassin,13,8,5,61.54,1.0,6.33,17.33,2.0,10442.0,1.0,22.0,53466.33,0.0,23.67,566.33,44633.67,105.0
401,30 seconds to mosh,S2,raka#11141,S5,472181,9368,Blaze,Tank,39,20,19,51.28,0.54,2.46,11.65,4.38,10657.15,0.54,20.81,40795.08,50.0,14.12,13710.62,69902.73,158.42
425,30 seconds to mosh,S2,raka#11141,S5,472181,9368,Diablo,Tank,10,3,7,30.0,0.0,1.0,4.0,6.0,5899.0,0.0,15.0,19236.0,0.0,5.0,12100.0,85699.0,145.0
430,30 seconds to mosh,S2,raka#11141,S5,472181,9368,Muradin,Tank,10,2,8,20.0,0.5,1.0,5.5,5.0,5816.5,1.0,20.5,24994.0,0.0,6.5,33669.0,94703.0,147.0
117,gold dragons,S4,scoopdogg#1444,S5,980402,58030,Artanis,Bruiser,50,27,23,54.0,0.5,1.71,7.64,2.79,10468.14,0.57,19.64,26429.07,0.0,9.43,20192.0,54909.21,112.5
91,gold dragons,S4,scoopdogg#1444,S5,980402,58030,Rexxar,Bruiser,19,10,9,52.63,0.33,0.33,6.0,4.0,12166.33,0.67,19.0,19693.67,0.0,6.33,28123.67,73624.0,151.67
125,gold dragons,S4,scoopdogg#1444,S5,980402,58030,Lt. Morales,Healer,54,23,31,42.59,0.7,1.3,12.5,2.5,5646.1,0.7,20.4,16474.0,61685.3,13.8,13510.9,27659.1,97.4
112,gold dragons,S4,scoopdogg#1444,S5,980402,58030,Deckard,Healer,22,11,11,50.0,0.38,0.5,10.12,3.62,6450.75,0.5,19.62,16439.0,73019.12,10.62,0.0,36447.25,135.75
115,gold dragons,S4,scoopdogg#1444,S5,980402,58030,Brightwing,Healer,13,7,6,53.85,0.33,0.67,6.0,4.67,6754.33,0.33,21.0,11930.67,65863.0,6.67,0.0,38608.33,200.33
126,gold dragons,S4,scoopdogg#1444,S5,980402,58030,Li Li,Healer,7,4,3,57.14,1.0,0.0,10.0,4.0,5717.0,1.0,22.0,31723.0,110496.0,11.0,0.0,50341.0,154.0
92,gold dragons,S4,scoopdogg#1444,S5,980402,58030,Rehgar,Healer,6,3,3,50.0,0.0,0.5,12.0,6.5,8314.0,1.0,22.5,8505.0,57718.5,12.5,0.0,45022.0,240.0
107,gold dragons,S4,scoopdogg#1444,S5,980402,58030,Zeratul,Melee Assassin,20,8,12,40.0,0.43,2.33,7.76,3.95,9358.62,0.52,20.24,24730.52,0.0,10.1,7476.71,40899.81,134.33
86,gold dragons,S4,scoopdogg#1444,S5,980402,58030,The Butcher,Melee Assassin,14,6,8,42.86,0.33,5.0,5.67,2.33,7631.0,0.0,18.33,24392.0,0.0,10.67,5915.67,49689.0,71.67
120,gold dragons,S4,scoopdogg#1444,S5,980402,58030,Alarak,Melee Assassin,12,5,7,41.67,0.29,1.43,7.86,4.14,7904.86,0.71,20.71,36728.29,75.71,9.29,8971.57,55396.0,172.0
98,gold dragons,S4,scoopdogg#1444,S5,980402,58030,Tychus,Ranged Assassin,69,38,31,55.07,0.51,4.47,8.89,3.01,9983.14,0.57,20.27,48587.06,0.0,13.41,2653.16,37741.4,117.56
123,gold dragons,S4,scoopdogg#1444,S5,980402,58030,Fenix,Ranged Assassin,19,9,10,47.37,0.45,3.0,8.8,2.65,14002.6,0.5,21.25,40828.4,0.0,11.85,1501.3,43815.0,104.0
130,gold dragons,S4,scoopdogg#1444,S5,980402,58030,Jaina,Ranged Assassin,19,10,9,52.63,0.43,2.67,8.5,3.57,10614.07,0.53,20.17,40127.67,0.0,11.17,0.0,27440.7,140.93
93,gold dragons,S4,scoopdogg#1444,S5,980402,58030,Raynor,Ranged Assassin,18,11,7,61.11,0.38,3.5,11.0,4.0,11958.88,0.5,22.12,51249.5,0.0,14.5,13235.25,44896.38,180.0
90,gold dragons,S4,scoopdogg#1444,S5,980402,58030,Sgt. Hammer,Ranged Assassin,11,5,6,45.45,0.33,4.33,12.33,3.0,16145.33,0.33,23.33,82964.33,0.0,16.67,6979.0,43833.0,148.0
95,gold dragons,S4,scoopdogg#1444,S5,980402,58030,Muradin,Tank,63,33,30,52.38,0.37,2.1,9.9,2.65,9793.63,0.47,20.53,26913.35,0.0,12.0,42235.8,89226.45,103.76
116,gold dragons,S4,scoopdogg#1444,S5,980402,58030,Blaze,Tank,54,31,23,57.41,0.55,1.54,10.87,3.27,10215.94,0.46,20.42,29301.41,0.0,12.44,11192.2,72045.11,123.8
129,gold dragons,S4,scoopdogg#1444,S5,980402,58030,Johanna,Tank,29,11,18,37.93,0.38,2.0,12.5,2.44,10458.69,0.69,21.19,33916.62,1877.69,14.56,26677.25,92223.81,105.06
128,gold dragons,S4,scoopdogg#1444,S5,980402,58030,Garrosh,Tank,15,6,9,40.0,0.2,1.8,9.0,5.2,6610.2,0.6,20.8,22066.0,0.0,10.8,6693.8,66311.8,203.2
111,gold dragons,S4,scoopdogg#1444,S5,980402,58030,Diablo,Tank,7,3,4,42.86,0.5,0.5,4.0,8.0,10727.5,0.5,23.5,37636.5,0.0,4.5,8214.5,110922.0,225.0
582,30 seconds to mosh,S2,subzero#1577,S1,6639996,97,Artanis,Bruiser,173,95,78,54.91,0.67,3.86,8.76,2.57,10369.67,0.62,19.48,43878.9,0.0,12.62,17868.48,65851.95,96.43
577,30 seconds to mosh,S2,subzero#1577,S1,6639996,97,Imperius,Bruiser,117,58,59,49.57,0.5,3.67,10.83,3.33,8854.67,0.67,20.17,40685.17,385.0,14.67,20027.67,63815.67,121.0
266,30 seconds to mosh,S2,subzero#1577,S1,6639996,97,Varian,Bruiser,88,48,40,54.55,0.5,3.79,10.92,3.55,7845.37,0.58,19.76,37344.26,253.24,14.74,25037.32,77846.29,129.68
598,30 seconds to mosh,S2,subzero#1577,S1,6639996,97,Deathwing,Bruiser,56,31,25,55.36,0.71,3.0,8.0,1.57,12037.86,0.57,20.43,54285.71,0.0,11.0,16828.86,44317.71,65.43
271,30 seconds to mosh,S2,subzero#1577,S1,6639996,97,Xul,Bruiser,31,21,10,67.74,0.33,2.44,5.78,5.0,15913.0,0.56,20.0,48731.89,0.0,8.22,13360.11,58530.44,168.44
575,30 seconds to mosh,S2,subzero#1577,S1,6639996,97,Anduin,Healer,93,33,60,35.48,0.0,0.62,7.62,3.0,6143.25,0.62,19.75,29570.25,62688.5,8.25,4833.25,36483.12,130.62
290,30 seconds to mosh,S2,subzero#1577,S1,6639996,97,Stukov,Healer,67,36,31,53.73,0.75,2.08,13.75,1.83,8314.92,0.75,22.33,30541.67,99926.75,15.83,0.0,42108.5,79.75
587,30 seconds to mosh,S2,subzero#1577,S1,6639996,97,Lúcio,Healer,49,20,29,40.82,0.53,1.82,12.47,2.24,7679.41,0.47,20.82,23109.53,105204.35,14.29,4138.06,42666.35,87.35
595,30 seconds to mosh,S2,subzero#1577,S1,6639996,97,Brightwing,Healer,46,25,21,54.35,0.56,2.22,14.19,3.0,8896.04,0.48,21.52,16979.48,97336.96,16.44,0.0,36285.89,121.96
599,30 seconds to mosh,S2,subzero#1577,S1,6639996,97,Deckard,Healer,42,21,21,50.0,0.75,0.25,14.25,1.0,5508.0,0.5,19.5,12080.25,58113.75,14.5,9726.75,25199.25,47.5
273,30 seconds to mosh,S2,subzero#1577,S1,6639996,97,Zeratul,Melee Assassin,132,55,77,41.67,0.46,3.46,8.38,3.96,11204.42,0.58,20.31,37721.31,0.0,11.88,7040.88,40923.35,147.96
293,30 seconds to mosh,S2,subzero#1577,S1,6639996,97,The Butcher,Melee Assassin,63,30,33,47.62,0.42,4.37,9.74,5.58,12154.42,0.63,21.32,31711.42,0.0,14.16,8071.32,62289.05,218.58
576,30 seconds to mosh,S2,subzero#1577,S1,6639996,97,Illidan,Melee Assassin,50,21,29,42.0,0.29,5.86,9.0,6.14,10755.57,0.57,20.29,35978.14,0.0,14.86,30107.43,70451.57,216.71
269,30 seconds to mosh,S2,subzero#1577,S1,6639996,97,Valeera,Melee Assassin,42,23,19,54.76,0.4,5.8,14.0,5.2,11045.4,0.8,23.0,47652.6,0.0,19.8,48.6,60746.2,195.4
588,30 seconds to mosh,S2,subzero#1577,S1,6639996,97,Maiev,Melee Assassin,6,1,5,16.67,0.0,2.5,8.0,6.0,11409.5,0.5,20.5,24686.5,0.0,11.0,0.0,46865.0,201.5
589,30 seconds to mosh,S2,subzero#1577,S1,6639996,97,Hanzo,Ranged Assassin,320,156,164,48.75,0.48,5.2,9.34,2.9,10936.41,0.59,20.97,59413.62,0.0,14.58,0.0,24672.97,119.37
268,30 seconds to mosh,S2,subzero#1577,S1,6639996,97,Zul'jin,Ranged Assassin,280,154,126,55.0,0.49,6.58,7.85,3.95,10330.54,0.53,20.56,60647.28,0.0,14.46,18650.93,39376.7,148.16
279,30 seconds to mosh,S2,subzero#1577,S1,6639996,97,Tychus,Ranged Assassin,211,119,92,56.4,0.59,6.18,8.7,2.8,10115.23,0.67,20.41,55000.31,29.38,14.9,2200.98,39140.17,109.09
591,30 seconds to mosh,S2,subzero#1577,S1,6639996,97,Greymane,Ranged Assassin,211,122,89,57.82,0.54,6.03,8.53,2.94,10895.56,0.7,20.54,47475.94,6.7,14.59,9.02,37187.14,121.77
292,30 seconds to mosh,S2,subzero#1577,S1,6639996,97,Tassadar,Ranged Assassin,157,71,86,45.22,0.43,3.94,10.98,4.11,12638.83,0.48,20.91,56908.95,52.4,15.02,3559.88,39056.22,162.75
561,30 seconds to mosh,S2,subzero#1577,S1,6639996,97,Abathur,Support,26,13,13,50.0,0.67,1.5,14.33,0.17,16711.33,0.5,21.83,33728.17,19326.83,15.83,383.5,909.0,6.67
272,30 seconds to mosh,S2,subzero#1577,S1,6639996,97,Zarya,Support,10,5,5,50.0,0.33,4.0,6.67,4.67,10129.0,0.33,22.0,33808.0,13800.0,10.67,18815.0,76913.33,148.33
594,30 seconds to mosh,S2,subzero#1577,S1,6639996,97,Blaze,Tank,53,23,30,43.4,0.5,1.93,9.02,2.45,12208.79,0.55,20.6,36914.29,8.26,10.98,17101.67,69535.9,102.36
601,30 seconds to mosh,S2,subzero#1577,S1,6639996,97,Diablo,Tank,29,15,14,51.72,0.2,2.4,6.8,4.8,6788.4,0.2,18.4,25994.2,0.0,9.2,21998.2,81620.6,114.4
289,30 seconds to mosh,S2,subzero#1577,S1,6639996,97,Stitches,Tank,25,10,15,40.0,0.41,2.89,10.56,2.89,9883.89,0.56,21.19,42170.56,0.0,13.44,35023.33,92694.93,122.19
446,30 seconds to mosh,S2,subzero#1577,S1,6639996,97,Muradin,Tank,24,8,16,33.33,1.0,7.0,17.0,0.0,15314.0,0.0,25.0,56098.0,0.0,25.0,44205.0,111720.0,0.0
602,30 seconds to mosh,S2,subzero#1577,S1,6639996,97,E.T.C.,Tank,23,15,8,65.22,0.67,2.67,11.67,4.33,9939.67,0.67,22.0,31510.33,3064.0,14.33,21284.67,73233.33,174.67
504,30 seconds to mosh,S2,thecaptain#12345,S5,9771889,1,Varian,Bruiser,92,49,43,53.26,0.54,4.2,9.83,3.47,9784.18,0.55,20.55,39378.83,38.08,14.05,30768.77,77936.03,137.23
491,30 seconds to mosh,S2,thecaptain#12345,S5,9771889,1,Sonya,Bruiser,35,14,21,40.0,0.12,1.38,6.88,5.5,11242.12,0.25,19.38,31434.88,0.0,8.25,29193.62,75693.88,183.0
506,30 seconds to mosh,S2,thecaptain#12345,S5,9771889,1,D.Va,Bruiser,18,7,11,38.89,0.45,2.91,10.36,3.36,13623.0,0.64,20.27,34005.73,271.27,13.27,17946.36,86241.09,59.0
467,30 seconds to mosh,S2,thecaptain#12345,S5,9771889,1,Dehaka,Bruiser,15,7,8,46.67,0.0,0.0,7.0,4.0,16330.0,1.0,23.0,27987.0,0.0,7.0,26578.0,93933.0,180.0
487,30 seconds to mosh,S2,thecaptain#12345,S5,9771889,1,Yrel,Bruiser,13,7,6,53.85,1.0,3.5,15.0,5.0,11496.0,0.75,21.25,28173.75,23366.75,18.5,16188.25,81387.75,224.25
466,30 seconds to mosh,S2,thecaptain#12345,S5,9771889,1,Deckard,Healer,69,30,39,43.48,0.33,0.5,12.92,1.88,5874.0,0.54,19.29,14664.42,57934.21,13.42,6334.75,24992.5,75.71
493,30 seconds to mosh,S2,thecaptain#12345,S5,9771889,1,Stukov,Healer,53,32,21,60.38,0.63,2.94,12.67,2.47,7633.96,0.69,20.67,28577.71,61602.78,15.67,1.86,36162.39,103.86
452,30 seconds to mosh,S2,thecaptain#12345,S5,9771889,1,Malfurion,Healer,46,22,24,47.83,0.48,1.24,12.24,2.72,6083.97,0.55,21.03,18402.62,71800.07,13.52,0.0,32426.14,107.28
537,30 seconds to mosh,S2,thecaptain#12345,S5,9771889,1,Brightwing,Healer,40,27,13,67.5,0.6,1.5,12.3,2.45,6736.2,0.8,20.5,14182.75,85589.0,13.8,0.0,35652.2,86.4
454,30 seconds to mosh,S2,thecaptain#12345,S5,9771889,1,Kharazim,Healer,28,12,16,42.86,0.5,3.5,8.0,3.31,7938.94,0.44,19.44,30351.69,27084.94,11.56,13.81,51772.69,114.56
463,30 seconds to mosh,S2,thecaptain#12345,S5,9771889,1,Kerrigan,Melee Assassin,49,26,23,53.06,0.43,5.41,9.97,5.27,12925.7,0.54,20.43,38384.97,0.0,15.38,54642.24,57424.86,194.81
480,30 seconds to mosh,S2,thecaptain#12345,S5,9771889,1,Qhira,Melee Assassin,13,5,8,38.46,0.31,3.85,7.77,5.46,10366.54,0.46,21.23,38587.54,0.0,11.85,11256.46,60869.0,218.08
496,30 seconds to mosh,S2,thecaptain#12345,S5,9771889,1,The Butcher,Melee Assassin,8,5,3,62.5,0.5,3.0,8.5,5.0,10025.5,1.0,19.5,28768.5,0.0,11.5,12414.5,58436.5,205.0
502,30 seconds to mosh,S2,thecaptain#12345,S5,9771889,1,Valeera,Melee Assassin,6,2,4,33.33,0.29,5.43,13.29,3.86,9362.86,1.0,22.57,43690.57,47.29,18.86,47.29,54505.43,185.43
477,30 seconds to mosh,S2,thecaptain#12345,S5,9771889,1,Jaina,Ranged Assassin,425,230,195,54.12,0.55,4.17,10.01,2.63,11160.0,0.56,20.58,46481.71,465.09,14.21,273.55,27681.02,103.93
529,30 seconds to mosh,S2,thecaptain#12345,S5,9771889,1,Cassia,Ranged Assassin,421,252,169,59.86,0.57,4.65,9.27,2.65,10243.03,0.59,20.62,55040.57,2.65,13.96,7010.99,36976.35,107.62
448,30 seconds to mosh,S2,thecaptain#12345,S5,9771889,1,Li-Ming,Ranged Assassin,358,158,200,44.13,0.45,4.32,8.65,2.22,9121.57,0.5,20.3,49889.9,196.36,13.02,1210.74,20766.83,88.97
460,30 seconds to mosh,S2,thecaptain#12345,S5,9771889,1,Orphea,Ranged Assassin,285,146,139,51.23,0.48,4.79,9.59,3.61,11139.72,0.62,20.58,48541.39,317.24,14.43,10044.59,40358.88,143.07
475,30 seconds to mosh,S2,thecaptain#12345,S5,9771889,1,Gul'dan,Ranged Assassin,157,81,76,51.59,0.49,3.18,9.25,2.96,10355.67,0.54,20.13,50126.16,8.93,12.46,17678.33,34688.45,111.86
483,30 seconds to mosh,S2,thecaptain#12345,S5,9771889,1,Zarya,Support,68,33,35,48.53,0.42,3.25,10.22,3.16,9754.51,0.51,20.29,35578.0,11580.51,13.58,14519.2,60508.24,119.47
453,30 seconds to mosh,S2,thecaptain#12345,S5,9771889,1,Medivh,Support,6,2,4,33.33,0.5,1.5,14.0,2.0,8242.5,0.5,20.0,31673.0,13457.0,15.5,0.0,32645.5,69.0
478,30 seconds to mosh,S2,thecaptain#12345,S5,9771889,1,Johanna,Tank,52,25,27,48.08,0.44,1.97,10.79,3.59,8868.31,0.54,19.44,29073.08,648.15,12.77,17169.51,76384.0,136.56
468,30 seconds to mosh,S2,thecaptain#12345,S5,9771889,1,Diablo,Tank,28,15,13,53.57,0.5,2.75,13.19,6.19,9902.88,0.5,20.94,43601.12,0.0,15.94,26919.19,109919.44,163.5
451,30 seconds to mosh,S2,thecaptain#12345,S5,9771889,1,Mal'Ganis,Tank,13,6,7,46.15,0.4,2.8,11.4,6.8,10130.6,0.2,21.8,31303.6,9045.0,14.2,21703.8,94128.0,241.6
492,30 seconds to mosh,S2,thecaptain#12345,S5,9771889,1,Stitches,Tank,13,10,3,76.92,0.6,2.2,7.8,5.8,9477.8,0.4,20.2,35152.2,0.0,10.0,28498.4,89623.4,221.4
536,30 seconds to mosh,S2,thecaptain#12345,S5,9771889,1,Blaze,Tank,13,6,7,46.15,0.33,0.67,9.0,4.67,13870.0,0.33,20.67,41439.67,0.0,9.67,8234.67,69989.33,195.0
